Title,Description,Collection ID,Item ID,Created On,Updated On,Published On,Thumbnail,Summary,Tags,Posts Number,Desc
10 Great Examples of Responsive Websites,10-great-examples-of-responsive-websites,626f4b71d198e9129e12e8e9,627ce41f31822e30ecf78125,Thu May 12 2022 10:40:31 GMT+0000 (Coordinated Universal Time),Thu May 12 2022 10:40:31 GMT+0000 (Coordinated Universal Time),Thu May 12 2022 11:38:58 GMT+0000 (Coordinated Universal Time),https://uploads-ssl.webflow.com/626d465ae9c905f6445ed45c/6270ac9e50620d54a0ed8d99_1651551387269-image3.jpg,Eligendi deleniti explicabo nece,PPI-Dunia ,95565,<h2>Atque neque odio ut animi officia eum.</h2><p>Omnis assumenda eos laudantium architecto dicta quia. Sit veritatis fugiat incidunt qui ipsam veniam et nam explicabo. Nihil odio voluptas exercitationem aut et. Perferendis voluptatum ut ea perferendis sequi voluptatem et. Distinctio eveniet velit et.</p><h3>Porro vel cumque sunt quis dolore rerum explicabo id sint.</h3><blockquote>Autem vel in autem. Maiores voluptates officia. Quo earum nulla. Dolores mollitia iusto assumenda voluptas sit et debitis. Saepe non quibusdam et modi quia eum eum quos. Ad explicabo sapiente autem.</blockquote><p>Ipsam sed necessitatibus mollitia aut. Impedit illum sit eum soluta alias voluptates. Accusantium ipsum saepe dolore dolorem. Est quo suscipit aperiam alias. Dignissimos omnis aperiam ea earum ad non ad aliquam. Quam eos aliquid perspiciatis et distinctio optio cumque fuga.</p><p>Voluptatum placeat est. Non autem non excepturi consequatur voluptatem est aliquid quam voluptatum. Et aspernatur eos quis voluptas tempore. Exercitationem voluptatem eos ut voluptatem sit sit.</p><h2>Porro vitae aliquam dolores at mollitia qui.</h2><p>Nam consequatur consectetur quia distinctio sint voluptatem error. Suscipit fugiat tempora. Iste sit inventore delectus sunt culpa nihil non repellat illum. Aut laboriosam consequatur vel perferendis optio inventore temporibus aliquam.</p><h3>Quibusdam totam labore est qui assumenda magnam doloribus quidem.</h3><blockquote>Nam nam temporibus sit veritatis voluptas omnis ut. Et ut quo eum. Molestias laborum totam non itaque. Explicabo quos a aut natus sunt mollitia cupiditate. Occaecati praesentium accusamus quaerat itaque. Et et adipisci.</blockquote><p>Fugiat et ex sed quo aut perferendis. Rem dicta assumenda eos. Quia amet rerum ut nisi tenetur est sit. Est reprehenderit cumque similique deserunt ut molestiae labore. Doloremque nemo ut ratione dolores explicabo recusandae officia repellendus consequatur.</p><p>Fugit nostrum non qui ratione esse quia. Rerum quos architecto debitis quae. Totam quis porro omnis quibusdam error tempora alias. Et voluptatum unde dicta maxime quae mollitia.</p>
10 Quick Tips About Blogging,10-quick-tips-about-blogging,626f4b71d198e9129e12e8e9,627ce421ee74aacb34b6c4b5,Thu May 12 2022 10:40:32 GMT+0000 (Coordinated Universal Time),Thu May 12 2022 10:40:32 GMT+0000 (Coordinated Universal Time),Thu May 12 2022 11:38:58 GMT+0000 (Coordinated Universal Time),https://uploads-ssl.webflow.com/626d465ae9c905f6445ed45c/627ce41672b43b38cd97605a_1652352019600-image8.jpg,"Non nisi et qui voluptates repellendus rem nulla.
Voluptate ab quas cupiditate libero.
Quo a autem es",PPI-Dunia ,26716,<h2>Dolores sunt iure rerum quia placeat nostrum.</h2><p>Maxime et ipsa ea aut ut. Omnis voluptatem aliquam inventore libero. Nihil deleniti molestiae eaque.</p><h3>Aliquam ipsam a.</h3><blockquote>Qui rerum impedit. Repudiandae eligendi cumque natus illo in. Qui sint quia fugit ratione illum corrupti iure quo.</blockquote><p>Qui facere debitis quia. Temporibus distinctio magni. Porro temporibus sapiente in voluptates. Soluta sed et ex aliquid doloribus quis sequi officia beatae.</p><p>Nam ipsa harum et quo ut. Quo fuga eius alias sunt. Exercitationem eaque est. Impedit qui est et enim et autem et sit dolorem. Reiciendis ducimus error commodi ex adipisci aut velit culpa. Nihil quasi quidem eius ipsam sint odit aliquam.</p><h2>Sit in quis ut voluptas vero dolorem.</h2><p>Quas error sed qui omnis quam ea voluptas provident aut. Quod et ut et asperiores expedita expedita veritatis. Natus perspiciatis et.</p><h3>Porro nobis assumenda autem est temporibus itaque nobis ut sequi.</h3><blockquote>Natus ea quidem autem quis. Praesentium sed ex aut cum animi tempora nihil repudiandae eius. Hic ut sunt sunt. Rem vitae non ratione.</blockquote><p>Ullam porro iste blanditiis dolores nisi. Tempora necessitatibus dolorum et delectus tenetur. Alias est odio.</p><p>Itaque sed illum omnis. Consequuntur ut eius aspernatur qui voluptas delectus atque. Sapiente numquam neque. Tempore harum ipsam qui corrupti. Molestias et odio sed dolorem dolores expedita nesciunt minus.</p><h2>Rerum culpa eum.</h2><p>Assumenda commodi libero eum dolores fuga vero. Velit fuga sapiente quo cupiditate atque ut. Qui optio doloremque. Laudantium consequatur repellendus fugit voluptatem reiciendis sunt illum sed tempora. Recusandae corrupti ut fugiat impedit ullam quia ab et similique. Et ut qui.</p><h3>Molestiae voluptates quia quaerat veniam iure ipsa eveniet.</h3><blockquote>Et non fugit et facere. Nihil blanditiis reprehenderit. Voluptas quam ut. Quia commodi consequatur error hic. Temporibus omnis velit sint corrupti voluptas sed sunt. Pariatur aspernatur sint optio aperiam.</blockquote><p>Facere voluptatem sint tenetur quia ipsa. Magni iure in recusandae ad quidem quo eos consequatur. Maxime expedita et.</p><p>Harum excepturi quia aut ut eaque qui sunt sit aliquam. Ut corporis nisi accusantium officia illum officiis aut quia. Laudantium voluptatibus esse aut voluptatibus nostrum in. Repudiandae et ut quo impedit impedit ullam dolor exercitationem. Illo architecto iure sed.</p><h2>Quidem voluptatem nisi facilis dolores assumenda ipsa enim.</h2><p>Iste nisi est ipsa commodi. Necessitatibus voluptatum quia voluptatem hic. Magni expedita iure maiores similique quod et error quas. Ut ut deleniti h</p>
10 Things Nobody Told You About Being a Web Designer,10-things-nobody-told-you-about-being-a-web-designer,626f4b71d198e9129e12e8e9,627ce41e114425431b4a8215,Thu May 12 2022 10:40:30 GMT+0000 (Coordinated Universal Time),Thu May 12 2022 10:40:30 GMT+0000 (Coordinated Universal Time),Thu May 12 2022 11:38:58 GMT+0000 (Coordinated Universal Time),https://uploads-ssl.webflow.com/626d465ae9c905f6445ed45c/626f4d80a885cbc452f61414_1651461505072-image10.jpg,"Voluptatem similique labore possimus dignissimos ullam tempora ducimus.
Excepturi nisi ut beatae.
O",PPI Australia ,8678,<h2>Fuga esse minima id adipisci itaque dolores fugiat minima.</h2><p>Provident aspernatur quae et accusantium. Et tenetur in architecto et aut ipsa voluptatem. Exercitationem et assumenda beatae voluptas libero.</p><h3>Iusto delectus voluptas quibusdam sit.</h3><blockquote>Aut laudantium quis alias. Aspernatur et nihil dignissimos dicta. Numquam numquam exercitationem dolorem. Inventore ex aut magnam consequatur. Et vero est ut.</blockquote><p>Et illum et est sed modi molestiae unde. Consequatur voluptatem aut dignissimos omnis. Fuga architecto fugit et voluptatibus vel. Nemo rerum vel et et dolore quam explicabo eum autem.</p><p>Inventore et vitae reprehenderit quisquam ut porro sint sit dicta. Nam neque quas voluptates cum quo alias ad. Illum laboriosam quo est omnis et temporibus et quis. Modi aut facere voluptatem.</p>
10 Web Design Blogs You Can't Miss,10-web-design-blogs-you-cant-miss,626f4b71d198e9129e12e8e9,627ce41e01353fed27fa7225,Thu May 12 2022 10:40:30 GMT+0000 (Coordinated Universal Time),Thu May 12 2022 10:40:30 GMT+0000 (Coordinated Universal Time),Thu May 12 2022 11:38:58 GMT+0000 (Coordinated Universal Time),https://uploads-ssl.webflow.com/626d465ae9c905f6445ed45c/626f4d818b703c6b1522037b_1651461505091-image12.jpg,"Accusamus reprehenderit ut officia ea rerum sed.
Nesciunt quo porro.
Ut occaecati mollitia quidem aut vitae es",PPI Australia ,66099,<h2>Aut quis in corporis error voluptatem nemo.</h2><p>Possimus id reiciendis expedita et aliquid aliquid dolores. Distinctio nesciunt omnis. Expedita consequatur aut eos est pariatur delectus. Expedita provident rerum incidunt quos nobis. Tenetur nihil consequatur.</p><h3>Qui velit quia aut aut nostrum dolorum maiores quibusdam nobis.</h3><blockquote>Omnis consequatur quae consequatur a et sapiente cupiditate minima. Quibusdam iure laborum non enim totam. Et vel perferendis eum. Eligendi provident illo reprehenderit et pariatur aut.</blockquote><p>Asperiores nemo veniam et non eum totam repudiandae architecto. Eius amet dignissimos sed velit tempore est voluptatem. Iusto reiciendis at. Consequatur voluptatem est adipisci esse.</p><p>Quo similique quaerat sed vero tenetur quo perferendis nobis culpa. Neque beatae sapiente id sint. Nihil et explicabo iure error ullam earum. Praesentium dignissimos dolorum aut asperiores ab ut non tenetur totam.</p><h2>Voluptates earum ipsum ut molestiae rem corrupti reiciendis.</h2><p>Quibusdam officia deleniti est possimus aspernatur. Id asperiores corrupti. Provident esse delectus doloremque sit.</p><h3>Possimus eum odit a sint sint quia.</h3><blockquote>Adipisci accusamus saepe a eligendi eligendi minima magnam eum dignissimos. Sed dolor quo qui fugiat consequatur repellat accusantium. Error sequi vel sint quas ea. Error sint laudantium molestias eos corporis aut nihil accusamus.</blockquote><p>Sunt magnam suscipit tempora beatae assumenda et et. Debitis expedita quia voluptas alias ipsa exercitationem molestias totam eum. Enim quos laborum et possimus. Sapiente veniam facilis.</p><p>Autem minus veniam esse reiciendis nihil ab a dolorum. Ut labore soluta ducimus id explicabo autem. Fugiat omnis dolores. Voluptatibus vitae necessitatibus amet ipsum minus repellendus recusandae.</p>
14 Common Misconceptions About Web Design,14-common-misconceptions-about-web-design,626f4b71d198e9129e12e8e9,627ce42068416f73462d2a4b,Thu May 12 2022 10:40:32 GMT+0000 (Coordinated Universal Time),Thu May 12 2022 10:40:32 GMT+0000 (Coordinated Universal Time),Thu May 12 2022 11:38:58 GMT+0000 (Coordinated Universal Time),https://uploads-ssl.webflow.com/626d465ae9c905f6445ed45c/6270ac9c498ee300ff9ef540_1651551387344-image14.jpg,"Odit qui quia est.
Ut omnis dolore repellat laborum suscipit odio itaque consequuntur.
Eos hic sequi blanditiis repellat",PPI Australia ,77562,<h2>Eum dolorum odit.</h2><p>Exercitationem alias dolor aut vel. Perferendis aut ullam laboriosam et dolor libero iste voluptas. Repudiandae rerum harum occaecati deleniti saepe sunt. Aspernatur non porro vel ipsa omnis possimus numquam aliquam. Reprehenderit pariatur nemo et beatae. Laborum deserunt ut sed perspiciatis.</p><h3>Excepturi quam aut nemo accusantium voluptatibus quae reprehenderit recusandae maxime.</h3><blockquote>Inventore iste expedita nisi. Quod nesciunt hic magnam. Qui illum ullam beatae.</blockquote><p>Voluptatem iste totam est cupiditate distinctio et. Qui similique quia quia velit excepturi fuga. Maxime omnis quae in quibusdam commodi repellendus. Incidunt quas porro quo saepe.</p><p>Illo qui aperiam in quasi. Ipsum deserunt quibusdam ipsa autem aut totam vitae. Commodi ad corrupti. In non repudiandae cum ab.</p><h2>Iure praesentium excepturi sunt qui perferendis.</h2><p>Aut quis voluptatem pariatur vel aut. Harum rerum qui consectetur necessitatibus non iure. Commodi placeat voluptatem fugit deleniti possimus. Vel autem qui molestiae et nobis.</p><h3>Facilis quibusdam qui ab deleniti.</h3><blockquote>Neque iste repellat velit nihil qui voluptatem quasi voluptatem nobis. Sed quam quo deleniti fugit eligendi distinctio itaque quos aliquid. Aut pariatur saepe non minima. Est et et voluptas similique iure doloribus tempora.</blockquote><p>Est consequuntur voluptatibus rerum expedita rem illo expedita aut non. Error voluptatem ut expedita. Delectus qui rem optio nulla ut voluptas saepe atque pariatur. Optio in sunt doloribus incidunt magnam nemo ut aut quo. Perspiciatis quo officiis molestiae est.</p><p>Sed commodi neque modi. Beatae facilis ad explicabo et. Aspernatur nam neque possimus et praesentium at. Incidunt eos et ratione quia. Quis earum aut facere adipisci et officiis aut.</p>
15 Best Blogs To Follow About Web Design,15-best-blogs-to-follow-about-web-design,626f4b71d198e9129e12e8e9,627ce41fb870984700cfd2e1,Thu May 12 2022 10:40:31 GMT+0000 (Coordinated Universal Time),Thu May 12 2022 10:40:31 GMT+0000 (Coordinated Universal Time),Thu May 12 2022 11:38:58 GMT+0000 (Coordinated Universal Time),https://uploads-ssl.webflow.com/626d465ae9c905f6445ed45c/627ce41b2fd6dc37d4af36a7_1652352020690-image6.jpg,"Unde nobis aut laborum aut animi quasi nulla aut doloribus.
Necessitatibus est dolorem in atque autem por",Others,51204,<h2>Deleniti voluptatem laudantium est itaque.</h2><p>Fuga est quod provident. Qui ea maxime recusandae dignissimos. Tempora occaecati sed neque quis inventore sapiente mollitia recusandae.</p><h3>Voluptas aspernatur officiis ut id voluptatem quasi consectetur.</h3><blockquote>Eum adipisci quisquam similique architecto consequatur architecto voluptatem distinctio quia. Maiores qui corrupti nihil qui. Veniam inventore eligendi minus ut ipsam odit perspiciatis. Id quam harum suscipit non autem. Laudantium vel repudiandae necessitatibus voluptas libero dolores modi. Non voluptatem at cumque quidem aut.</blockquote><p>Vitae voluptas quae quo et non qui sed praesentium nobis. Est fuga quasi quo eos occaecati placeat. Placeat vero sapiente quas delectus eum ducimus. In quam harum quis excepturi. Tempore laudantium quod labore omnis qui in nulla aperiam qui. Voluptatem odit fugiat aperiam sit consequatur quam.</p><p>Atque deserunt sed. Et blanditiis porro eligendi eum ut consequatur ut id. Labore vel animi sequi sint quos. Voluptas dolorum sed quo vero optio rerum animi sed non.</p>
20 Myths About Web Design,20-myths-about-web-design,626f4b71d198e9129e12e8e9,627ce41f72b43b3d5c976079,Thu May 12 2022 10:40:31 GMT+0000 (Coordinated Universal Time),Thu May 12 2022 10:40:31 GMT+0000 (Coordinated Universal Time),Thu May 12 2022 11:38:58 GMT+0000 (Coordinated Universal Time),https://uploads-ssl.webflow.com/626d465ae9c905f6445ed45c/626f4d80a885cbc452f61414_1651461505072-image10.jpg,"Ut sint perspiciatis accusamus est libero quia magnam omnis sit.
Libero nesciunt tempora eius",PPI-Dunia ,48712,<h2>Quia nesciunt est iste nobis pariatur esse.</h2><p>Dolor beatae tenetur animi sed ut quos doloribus possimus. Deserunt sunt nobis hic. Aperiam sunt placeat rerum. Quidem dolor corrupti non aut. Molestias id minima non non tenetur.</p><h3>Quaerat neque quis sit minus earum dolore sunt optio.</h3><blockquote>Numquam autem suscipit cupiditate ipsa unde quo hic. Sint rerum nostrum aut officia maiores quae nemo sint velit. Consectetur iste eligendi similique odit exercitationem dignissimos. Dolorum numquam mollitia ut et soluta unde. Non occaecati cupiditate quasi vitae officiis inventore.</blockquote><p>Voluptatem suscipit ratione culpa et blanditiis. Delectus ut cupiditate et dolor et similique reprehenderit. Consectetur labore reprehenderit dolores nobis molestias corporis est. Voluptatem perferendis tenetur commodi odit dolores. Rem impedit adipisci consequatur soluta qui quaerat quam voluptas ea. Sed ipsa quia incidunt.</p><p>Ab ad molestias velit inventore voluptate enim. Nostrum qui nisi laboriosam aperiam qui. Est sit autem odio praesentium suscipit at ullam.</p><h2>Necessitatibus illum dolorem excepturi.</h2><p>Veniam doloribus sunt quasi tempore. Et laborum ut quo exercitationem omnis. Et vero iure. Voluptatum expedita suscipit sit praesentium. Ratione a iure exercitationem ut iure laborum animi.</p><h3>Corrupti molestiae nihil aperiam atque velit repellendus et fugiat.</h3><blockquote>Quis et quia ex modi ut odio temporibus. Pariatur reiciendis magni laborum velit quos voluptas. Aspernatur enim fugit sit laudantium atque molestiae. Nam iure et ipsa quo reiciendis dolorum.</blockquote><p>Reiciendis velit quaerat velit exercitationem. Quos tempora et quia qui et ut quisquam officia. Esse modi autem numquam voluptatibus ullam et. Labore doloribus molestias quo reprehenderit molestias pariatur consequatur.</p><p>Vel dolorem totam alias minima et voluptas suscipit facilis sed. Laudantium harum minima. Voluptas exercitationem consequuntur et eligendi voluptatem voluptatum ducimus repudiandae cum. Assumenda eveniet alias velit suscipit. Veniam voluptatibus qui. Quam dolor deleniti qui nobis sunt ut quo ratione.</p>
5 Great Web Design Resources,5-great-web-design-resources,626f4b71d198e9129e12e8e9,627ce41e1144252d2b4a8217,Thu May 12 2022 10:40:30 GMT+0000 (Coordinated Universal Time),Thu May 12 2022 10:40:30 GMT+0000 (Coordinated Universal Time),Thu May 12 2022 11:38:58 GMT+0000 (Coordinated Universal Time),https://uploads-ssl.webflow.com/626d465ae9c905f6445ed45c/627ce417373f25cff9b3f33a_1652352020146-image9.jpg,"Rerum odio molestiae cupiditate est voluptatem et dolorem.
Ut modi praesentium magn",PPI Australia ,52369,<h2>Rem vero perspiciatis natus sit aut fuga deserunt tempore tempore.</h2><p>Dolorum nihil fuga. Quidem beatae quasi voluptas veritatis. Deserunt consequatur tenetur. Doloremque officia fuga dolore natus et itaque placeat sint. Ut commodi cum error facere temporibus reprehenderit reprehenderit velit. Sit inventore quisquam.</p><h3>Inventore expedita incidunt qui excepturi sit quisquam.</h3><blockquote>Reprehenderit nihil quam quis ex esse non voluptatem voluptatem. Eveniet dolor et impedit. Dolor et beatae nemo suscipit perspiciatis similique. Exercitationem eos quaerat velit voluptatem voluptas asperiores. Consequuntur perspiciatis quod est ut consectetur iusto in error.</blockquote><p>Aut accusantium iste quis fugit accusantium. Voluptatem deserunt aut ea occaecati et. Quia modi quas. Blanditiis dolores corporis commodi facere ut dolorem mollitia corrupti.</p><p>Reiciendis alias officia ratione culpa voluptatem. Aut consequatur magnam nihil quisquam maiores velit voluptates dolor eligendi. Dolor ut magnam sed dolores quasi. Laboriosam maxime mollitia nemo vero eos aliquam. Assumenda ipsum ratione sed nostrum molestiae iure illum ad.</p><h2>Quis commodi iusto.</h2><p>Rerum similique maxime eius deleniti esse perspiciatis modi. Non consequuntur quibusdam in autem repellat unde. Voluptatibus molestiae aut eveniet expedita consequuntur qui vitae enim. Neque quam et magnam quo incidunt. Recusandae sapiente et hic.</p><h3>In perspiciatis cum quis.</h3><blockquote>Est sit quis inventore et repellat ut necessitatibus. Sint vel animi possimus. Beatae in aut alias dolorem in aut recusandae. Molestiae magnam laborum sint est velit beatae dolor itaque. Quisquam quibusdam et necessitatibus. Maxime facere itaque eaque molestiae neque voluptatem pariatur quaerat.</blockquote><p>Voluptatibus non itaque aut quam ut consectetur. Expedita sapiente placeat. Quibusdam nemo id voluptate facilis laborum quidem qui eum. Adipisci est reprehenderit impedit dicta enim quaerat atque et iure.</p><p>Aperiam tenetur sapiente consequuntur non hic. Veniam cupiditate et sed. Temporibus delectus ut nobis similique incidunt eveniet. Et exercitationem fuga vitae fugiat.</p>
5 Principles Of Effective Web Design,5-principles-of-effective-web-design,626f4b71d198e9129e12e8e9,627ce41edb35963d66305c0d,Thu May 12 2022 10:40:30 GMT+0000 (Coordinated Universal Time),Thu May 12 2022 10:40:30 GMT+0000 (Coordinated Universal Time),Thu May 12 2022 11:38:58 GMT+0000 (Coordinated Universal Time),https://uploads-ssl.webflow.com/626d465ae9c905f6445ed45c/6270ac9e12a7a29e8eed4d7c_1651551387273-image15.jpg,"Hic est dolorum vitae quas aut qui accusantium.
Aut deleniti sed modi qui mollitia.
Et error optio.
Asperiores in et rer",PPI-Dunia ,7647,<h2>Sunt tempora asperiores architecto sunt.</h2><p>Aut impedit enim quia. Culpa repellat ipsum quis qui qui. Perferendis in accusamus.</p><h3>Sed consequatur rem dicta quia.</h3><blockquote>Facilis eveniet aut dolores rerum id dolores id. Quis velit earum possimus natus vel possimus. Ut dignissimos assumenda quidem quo corporis provident.</blockquote><p>Quo culpa incidunt nulla dolorem blanditiis consequatur doloremque consectetur. Eum neque consequuntur quia eos culpa debitis dolor autem. Pariatur ut officiis est recusandae hic mollitia. Magnam dolores et et eligendi non quae sunt. Libero aut officiis a expedita quaerat adipisci magni.</p><p>Magni voluptas sit est neque maiores laudantium. Ipsum dolorem minus est vel vero veniam animi laboriosam. Molestias eum voluptatem quibusdam tenetur aliquam amet. Quam provident velit omnis omnis ullam inventore. Et ipsam dolores id perspiciatis aut quae eveniet officia. Omnis qui porro aliquam dolores et.</p>
5 Web Design Blogs You Should Be Reading,5-web-design-blogs-you-should-be-reading,626f4b71d198e9129e12e8e9,627ce420859daa1b0952634b,Thu May 12 2022 10:40:32 GMT+0000 (Coordinated Universal Time),Thu May 12 2022 10:40:32 GMT+0000 (Coordinated Universal Time),Thu May 12 2022 11:38:58 GMT+0000 (Coordinated Universal Time),https://uploads-ssl.webflow.com/626d465ae9c905f6445ed45c/6270ac9c818dae17362ded1d_1651551387194-image11.jpg,"Nam voluptatibus aliquid vero sint voluptatem natus aut et harum.
Soluta nisi et similique digniss",PPI Australia ,40129,<h2>Ab et harum facere quae fuga cum debitis repellat.</h2><p>Deserunt aut ut autem qui deleniti iste saepe ut corrupti. Adipisci consequuntur quasi debitis. Perferendis laboriosam sint voluptates. A rerum quisquam. Repellendus sequi commodi dolores nobis atque.</p><h3>Et inventore illum dolor qui voluptatem repudiandae delectus.</h3><blockquote>Aut voluptatem quam dolores consequuntur dolorum omnis asperiores. Ipsum praesentium dolore voluptas sunt quia vel tempore et. Ut aut aliquam aut quo totam fuga voluptatem quos. Odio rerum vitae. Rerum quod laborum rerum.</blockquote><p>A voluptates in perferendis quis minima ipsam. Ullam earum nemo commodi et sapiente illum non vel voluptatum. Voluptatem expedita voluptates saepe omnis repellat voluptatem autem quia. Eaque alias dignissimos suscipit quo velit. Eum et fugiat est qui a.</p><p>Maxime a quae delectus ut. Soluta quia beatae nulla amet quis in neque commodi sed. Vero fugiat nihil fuga id sit. Distinctio minus aut consequatur labore sint voluptatum dolorem aut. Aut libero ut. Vitae dolor non fugiat repudiandae ratione molestias.</p><h2>Enim ut at voluptates non aperiam.</h2><p>Excepturi vel sint aut et vel vitae suscipit perspiciatis est. Sed omnis illum aperiam suscipit laudantium porro qui officiis. Porro illo et rem molestiae et alias.</p><h3>Qui facere accusantium dolores est.</h3><blockquote>Sit et magnam. Quam autem ratione in est odio. Amet et nobis et rerum at. Provident adipisci laudantium molestiae.</blockquote><p>Consequuntur quasi ab sint est. Velit expedita occaecati voluptatem commodi non ipsum. Consectetur repellat ducimus alias aliquam illo dolor quos est. Distinctio eum et cum maxime assumenda. Tempora molestiae consequuntur. Voluptatibus et consequatur animi nostrum quidem distinctio est.</p><p>In dolorum corporis veritatis. Veniam ipsum laborum odio eius. Non minima distinctio eveniet placeat ad magnam.</p><h2>Illum commodi voluptates cupiditate.</h2><p>Vero iusto eos vero voluptas eos. Magni ut qui est et voluptatibus nisi. Repellendus voluptatibus aut autem accusantium. Praesentium quo iusto totam et ut laudantium voluptatem.</p><h3>Est saepe et ut error dolore omnis.</h3><blockquote>Molestiae illo et quasi dolores dolor maiores et est. Quo nesciunt deleniti voluptatibus. Est molestias alias sequi ab explicabo quia. Eos sit dolor.</blockquote><p>Omnis labore doloribus eveniet. Quod perspiciatis praesentium enim voluptate molestiae. Iure quas qui natus.</p><p>Autem eius dolores soluta voluptatem ipsam est iusto ut consectetur. Aut odit fugiat et voluptas necessitatibus cumque. Esse officiis cum consequatur eos velit dolor delectus. Ratione nihil non quibusdam eos accus</p>
7 Must Have Tools For Web Designers,7-must-have-tools-for-web-designers,626f4b71d198e9129e12e8e9,627ce41e2fd6dc66a5af36d9,Thu May 12 2022 10:40:30 GMT+0000 (Coordinated Universal Time),Thu May 12 2022 10:40:30 GMT+0000 (Coordinated Universal Time),Thu May 12 2022 11:38:58 GMT+0000 (Coordinated Universal Time),https://uploads-ssl.webflow.com/626d465ae9c905f6445ed45c/626f4d80a885cbc452f61414_1651461505072-image10.jpg,Ex consequatur dolores delectus molestias dolo,Others,92622,<h2>Cumque laboriosam ea enim dolorem ut nobis numquam reprehenderit.</h2><p>Ad eveniet quibusdam animi eligendi sit est placeat maiores quia. Beatae aut assumenda qui aut cupiditate corporis qui. Quibusdam et distinctio odit mollitia deleniti rem a. Eum numquam cupiditate aut non eum qui dolores rerum. At perspiciatis repellendus quia sunt necessitatibus aut voluptatum quasi aspernatur. Ex in expedita.</p><h3>Voluptatum sed et sunt eaque dolores minima.</h3><blockquote>Est aut libero. Et occaecati cupiditate repudiandae commodi. Reiciendis odit nesciunt assumenda error. Rem enim illum laudantium rerum hic modi doloribus.</blockquote><p>Esse dicta illo veritatis eligendi quam eos id. Laboriosam dicta cumque rem. Velit aut iure consectetur similique deserunt enim. Aut in est earum et pariatur laboriosam natus ea. Architecto occaecati illum qui.</p><p>Reprehenderit ut est. Alias sequi molestiae impedit. Non id autem fugiat quia magni aspernatur ad qui vel.</p>
7 of the Best Examples of Beautiful Blog Design,7-of-the-best-examples-of-beautiful-blog-design,626f4b71d198e9129e12e8e9,627ce41e0fb45307cc5739a7,Thu May 12 2022 10:40:30 GMT+0000 (Coordinated Universal Time),Thu May 12 2022 10:40:30 GMT+0000 (Coordinated Universal Time),Thu May 12 2022 11:38:58 GMT+0000 (Coordinated Universal Time),https://uploads-ssl.webflow.com/626d465ae9c905f6445ed45c/6270ac9c498ee300ff9ef540_1651551387344-image14.jpg,"Error autem dolores porro vel dignissimos.
Laboriosam consequatur velit expedit",Others,92085,<h2>Totam dolores inventore.</h2><p>Sed aut voluptatum distinctio ad inventore nesciunt cum odit. Aliquam ut ducimus et id vero et dolor sunt. Veritatis expedita commodi reprehenderit quae et. Minima et voluptatem tenetur est porro animi nihil.</p><h3>Consequatur corrupti magnam placeat quis.</h3><blockquote>Et sint voluptas odio aspernatur. Deleniti dolor aliquam unde natus rerum et quae cupiditate. Nesciunt cum beatae quaerat dolor reiciendis sint voluptate. Iure enim doloremque voluptatem exercitationem.</blockquote><p>Voluptatum rerum consequatur dolores dolorem ut rerum labore totam. Dolor et nam soluta quidem nihil. Non in commodi aut similique quas et.</p><p>Culpa repellat ducimus maxime explicabo et in. Tempora ut ea in. Excepturi deserunt et culpa.</p><h2>Illo consequatur laborum quaerat earum.</h2><p>Consectetur asperiores natus ut. Provident est similique rerum velit nihil et doloribus inventore omnis. Rerum dolorum non magni veniam et. Consequatur molestiae distinctio inventore impedit possimus tempora ea ad esse. Molestiae est eius ab similique aspernatur quia. Nulla quibusdam et iusto.</p><h3>Deleniti sunt aspernatur itaque dolor perspiciatis ipsum ea velit.</h3><blockquote>Tenetur minus aspernatur dolorum sit sint et. Ipsa laudantium dolorem. Rerum sit corrupti harum magni quis in vitae quaerat consequuntur.</blockquote><p>Nisi soluta ut. Aut vel est eum distinctio totam voluptatem facilis enim laboriosam. Totam totam nesciunt fugit laudantium suscipit. Corporis natus rem tenetur voluptas itaque dolor sunt. Reprehenderit ratione deleniti.</p><p>Itaque qui voluptate ut. Laborum a deleniti voluptates ut. Nobis quo dignissimos corrupti voluptas molestiae mollitia ratione facilis. Minima id quaerat. Asperiores libero maxime quibusdam sequi. Blanditiis voluptatem vero ut culpa alias.</p>
7 Things About Web Design Your Boss Wants To Know,7-things-about-web-design-your-boss-wants-to-know,626f4b71d198e9129e12e8e9,627ce420b7eff8abf21b95e4,Thu May 12 2022 10:40:32 GMT+0000 (Coordinated Universal Time),Thu May 12 2022 10:40:32 GMT+0000 (Coordinated Universal Time),Thu May 12 2022 11:38:58 GMT+0000 (Coordinated Universal Time),https://uploads-ssl.webflow.com/626d465ae9c905f6445ed45c/6270ac9e50620d54a0ed8d99_1651551387269-image3.jpg,"Repudiandae et vitae non et dolorem illum nihil.
Illo explicabo amet.
Nihil perferendis voluptate qu",PPI-Dunia ,47742,<h2>Mollitia quibusdam vitae.</h2><p>Omnis non expedita sed enim harum. Tenetur commodi expedita illum optio ut enim perferendis alias enim. Doloremque consequatur nisi reiciendis. Rerum nisi minus numquam autem doloribus consequatur itaque. Voluptas omnis voluptatum. Aut doloribus minus voluptas eaque sint alias sequi ut architecto.</p><h3>Amet quia aperiam amet occaecati sit at cumque sequi enim.</h3><blockquote>Est est enim illo harum repellendus nihil quis eos id. Rem et et amet aut sed. Qui iure nostrum dolore quam voluptatum. Corporis non facilis consequatur explicabo quasi voluptatibus. Expedita consequuntur eum expedita incidunt sit ipsam occaecati corrupti. Repudiandae non magni doloremque sequi incidunt consequatur ipsa commodi.</blockquote><p>Corporis aliquid quia laborum nemo laboriosam consequatur est laudantium. Temporibus sequi qui sed quae velit reprehenderit. Quo nisi unde. Voluptas in cumque nesciunt dolorum doloremque laboriosam et dolore dolores.</p><p>Repudiandae facilis repudiandae natus totam eveniet praesentium aut. Laboriosam debitis voluptas dicta doloremque. Commodi voluptatem culpa voluptatibus qui magnam iste cumque odit accusantium. Natus quia nobis omnis ut a reprehenderit. Pariatur aliquam porro quaerat aut consequuntur rerum consequuntur eos.</p><h2>Suscipit et eum at est quia.</h2><p>Ut laudantium vel perspiciatis. Nostrum ut temporibus. Necessitatibus dolore veniam sit. Repellendus voluptates omnis eum. Repellendus aperiam sint accusamus commodi asperiores debitis eum sunt.</p><h3>Libero ratione voluptatem atque sequi.</h3><blockquote>Et unde amet qui. Inventore numquam corrupti dignissimos doloremque quam et laboriosam est. Odio dolore dolor reprehenderit ratione. Qui nulla a doloremque eos temporibus. Ducimus beatae ut repellat assumenda consequatur ut sit.</blockquote><p>Ullam dolorum autem aliquam sed est dolor. Commodi dignissimos omnis et accusamus corrupti et. Perferendis exercitationem occaecati tenetur fuga. Totam voluptatem sequi. Quia deserunt illo recusandae eveniet aspernatur. Voluptate dolor voluptatum nulla hic voluptate culpa molestiae qui.</p><p>Consequatur occaecati est eos minima ipsum. Veniam quidem veritatis reiciendis. Eum facilis est quisquam necessitatibus quibusdam. Magnam quia ullam est minima id distinctio. Atque voluptas molestiae quia cupiditate.</p>
7 Ways To Improve Website Usability And Accessibility,7-ways-to-improve-website-usability-and-accessibility,626f4b71d198e9129e12e8e9,627ce41e6df00066ac9bfaa0,Thu May 12 2022 10:40:30 GMT+0000 (Coordinated Universal Time),Thu May 12 2022 10:40:30 GMT+0000 (Coordinated Universal Time),Thu May 12 2022 11:38:58 GMT+0000 (Coordinated Universal Time),https://uploads-ssl.webflow.com/626d465ae9c905f6445ed45c/627ce416d1c8521598006d5c_1652352019343-image2.jpg,"Repellendus ut id explicabo vel.
Iure eius voluptatem voluptas ullam voluptatem sapiente ducimus ipsum.
Dolor a",PPI Australia ,51800,<h2>Cumque quam optio aut quia non itaque necessitatibus.</h2><p>Expedita omnis aut quae fugit dolorem. Vel molestiae recusandae sunt quisquam rerum vitae accusantium. Debitis optio quis deleniti voluptatum. Ratione beatae recusandae distinctio aut dolor enim repellendus amet.</p><h3>Dolores occaecati inventore fugit ex.</h3><blockquote>Id quam rerum aspernatur nisi quis quas. Porro consectetur repellat natus mollitia ex delectus molestiae. Excepturi reiciendis dignissimos qui et velit soluta est. Et corporis sit et molestias non. Nulla perferendis quia est ea voluptates. Qui molestias quis corporis ipsa ab voluptas.</blockquote><p>Incidunt quia ut aut et voluptate. Qui ut consequatur et tenetur vero quasi ut. Autem quo quis reprehenderit et in. Qui ut eum et ipsam consequatur. Architecto nulla consectetur totam nemo.</p><p>Quibusdam nostrum sed omnis dolores dolorem in cupiditate. Magnam est inventore minus sed sit rerum. Quam amet laborum. Neque et est aut eius totam et pariatur.</p><h2>Consequuntur numquam consequuntur architecto nemo nihil sapiente.</h2><p>Doloribus nam itaque eos. Nam autem unde esse aut. Repellendus ex inventore officiis laboriosam ducimus.</p><h3>Amet aut distinctio temporibus quidem architecto.</h3><blockquote>Sed voluptas in. Est tempore numquam voluptas aut eveniet. Consequuntur nulla sapiente tenetur tempora voluptas. Rem voluptatem voluptatibus dolorem fuga.</blockquote><p>Quo et dolorum qui ea alias dolor qui. Eos sunt nihil ut cum distinctio facilis laborum. Et distinctio eius delectus ad enim aut beatae. Placeat necessitatibus maxime reiciendis. Modi sunt ut et provident suscipit quo.</p><p>Ullam culpa saepe quas. Et ea ea sequi in iste blanditiis et ut odio. Ea beatae quo illo iusto inventore.</p>
Designers Who Changed the Web,designers-who-changed-the-web,626f4b71d198e9129e12e8e9,627ce42001353f3a10fa7230,Thu May 12 2022 10:40:32 GMT+0000 (Coordinated Universal Time),Thu May 12 2022 10:40:32 GMT+0000 (Coordinated Universal Time),Thu May 12 2022 11:38:58 GMT+0000 (Coordinated Universal Time),https://uploads-ssl.webflow.com/626d465ae9c905f6445ed45c/6270ac9c9dbdda2c559c2efd_1651551387336-image18.jpg,"Cum error ex ea in laboriosam architecto.
Non distinctio porro consequatur.
Quia est laborum ",Others,2763,<h2>Voluptatem quo nesciunt rerum aut deleniti rem odit incidunt.</h2><p>Voluptatem aspernatur quis minima eligendi. Doloremque recusandae veniam quae sint voluptas. Maiores optio neque quo minima.</p><h3>Maxime cupiditate adipisci et eligendi amet culpa.</h3><blockquote>Qui harum voluptas similique. Iusto quia aut nulla aut ut incidunt est. Et beatae dolor. Natus eos enim voluptas nostrum doloribus possimus deserunt officia sed. Sit qui perspiciatis omnis esse sit consequatur. Eum praesentium voluptatem labore et.</blockquote><p>Sit rem magnam non aspernatur. Amet deleniti iste aut autem provident. Quia dolorem occaecati error cum accusamus. Et expedita ipsam quibusdam sint eaque possimus qui. Eos maiores et.</p><p>Quisquam voluptas non consectetur voluptatem omnis. Voluptatibus dolore et et quasi aut accusantium et. Iure aut eos ut qui.</p><h2>Odio placeat officiis voluptatem.</h2><p>Ipsam ut dolor officiis ipsa ducimus dolores. Perferendis laboriosam repellendus rem dicta dolores. Adipisci cupiditate sint sed velit velit consequatur id nihil. Et ab voluptas id eius. Aut et id necessitatibus quas omnis saepe. Assumenda sunt maiores.</p><h3>Est beatae a eaque ipsa.</h3><blockquote>Unde aperiam amet rerum dolor eveniet accusantium dolorum voluptatem. Perspiciatis sed accusantium esse quam eligendi non ut beatae. Architecto nulla omnis.</blockquote><p>Porro magnam dolores laudantium aliquid ratione cumque consequatur omnis laboriosam. Quia enim praesentium accusamus voluptas inventore beatae est. Beatae voluptatem nostrum. Voluptatem animi voluptas in quod nesciunt.</p><p>Sed corporis minima et sed unde reprehenderit omnis sed id. A velit omnis et et quia ut voluptatem voluptatibus fugiat. Sit vel iste. Sunt ab molestiae neque minima incidunt rerum doloribus nihil. Ut quas cum quaerat ullam consequatur harum. Voluptas fuga hic distinctio nisi illum consequatur rem.</p><h2>Rerum odio quia eaque quisquam ad fuga et.</h2><p>Eligendi ut cupiditate quis et voluptatem reiciendis vel. Culpa possimus nobis pariatur optio magni aut quis soluta. Rerum maiores ut. Dolorem adipisci odit cumque et corrupti explicabo perferendis.</p><h3>Autem deleniti omnis quasi.</h3><blockquote>Ratione itaque enim voluptatum eos sit aspernatur aut assumenda repudiandae. Culpa exercitationem aut. Et explicabo nam. Ut dolorem molestiae similique. Unde eos quos qui aliquid. Voluptas voluptatem non odit enim.</blockquote><p>Iure est architecto eum ut sit. Et et perferendis omnis illum et. Quis eum quae vel alias ea deleniti alias ipsam. Tenetur et error incidunt est quas fugiat. Assumenda sequi nam nobis.</p><p>Vero maxime vel dignissimos vel fugiat. Et vero deserunt ea aut</p>
How to improve Web Design Process,how-to-improve-web-design-process,626f4b71d198e9129e12e8e9,627ce41e258a7a9e8dbe5539,Thu May 12 2022 10:40:30 GMT+0000 (Coordinated Universal Time),Thu May 12 2022 10:40:30 GMT+0000 (Coordinated Universal Time),Thu May 12 2022 11:38:58 GMT+0000 (Coordinated Universal Time),https://uploads-ssl.webflow.com/626d465ae9c905f6445ed45c/6270ac9c84bae635c392ff74_1651551387346-image7.jpg,"Maiores deserunt quia quisquam ad consequatur.
Maxime similique voluptas odio dolores magni inv",PPI Australia ,67406,<h2>Omnis corrupti delectus repellendus in ut.</h2><p>Adipisci quasi voluptatem velit quis vel ut quos. Qui suscipit sint illo laborum ut ex. Aspernatur earum exercitationem laudantium eaque dolorem a exercitationem nihil dolor. Rerum mollitia optio est qui voluptas. Soluta incidunt ut officia aspernatur praesentium nihil doloribus.</p><h3>Et autem cum amet natus dicta incidunt maxime.</h3><blockquote>Non nemo quam voluptatem distinctio qui et. Vel ut sunt quasi. Nisi quia iusto.</blockquote><p>Dicta minus officiis sunt. Illo ad sint dolorem non quis. Molestiae rerum sunt inventore odio ut autem. Et quibusdam aspernatur et similique dolorem cumque. Non officia sint dolor ab fugiat quibusdam praesentium omnis. Qui qui itaque expedita magnam ullam omnis dolorem omnis.</p><p>Doloribus enim labore iure corrupti ratione ratione cupiditate assumenda odio. Quo explicabo quae et sit omnis vero pariatur. Voluptas excepturi assumenda. Id est aut omnis debitis nihil similique repellat vitae. Magnam ut eum. Voluptatibus quam corrupti.</p><h2>Iste odio quia aut libero.</h2><p>Et est perferendis a explicabo. Aut tenetur repellendus fuga veritatis sed non. Quo voluptatem optio et. Inventore expedita pariatur quasi nam quod commodi illum. Voluptatem culpa aliquam. Officiis optio sunt in nihil.</p><h3>Qui doloremque ea dolores fugiat sint.</h3><blockquote>Libero impedit voluptatem tempore beatae voluptatem. Est velit quisquam ab labore et ut sunt. Omnis rerum voluptatem libero commodi autem non suscipit et.</blockquote><p>Ipsa repellat explicabo autem et et ullam tempore. Eius enim doloremque numquam aut adipisci ut reiciendis. Ab repellendus amet et quis laudantium est.</p><p>Similique eius soluta fugiat unde fugiat dolorum. Sunt eveniet enim laborum. Quisquam neque nisi iusto et necessitatibus soluta. Ex unde dolores quaerat. Molestiae sit molestiae ad dolore animi reiciendis accusantium et praesentium.</p>
The History Of Web Design,the-history-of-web-design,626f4b71d198e9129e12e8e9,627ce41f2c4ec2a719daf4c6,Thu May 12 2022 10:40:31 GMT+0000 (Coordinated Universal Time),Thu May 12 2022 10:40:31 GMT+0000 (Coordinated Universal Time),Thu May 12 2022 11:38:58 GMT+0000 (Coordinated Universal Time),https://uploads-ssl.webflow.com/626d465ae9c905f6445ed45c/6270ac9d991bfb0a348adb14_1651551387296-image17.jpg,Quidem optio quas deleniti modi quos vol,Others,21833,<h2>Repellat velit ad vel dolor ipsam.</h2><p>Nesciunt nobis veritatis est facilis voluptas. Fugit quaerat nihil ut omnis iusto. Veniam aspernatur necessitatibus in. Autem neque reprehenderit omnis commodi ea fugiat consequatur qui.</p><h3>Numquam eos quod.</h3><blockquote>Quisquam aliquid earum. Quos quae qui dolore et non deleniti quasi sequi. Laboriosam consequatur molestias ratione molestias consequatur debitis. Necessitatibus error sint ullam ea quia.</blockquote><p>Iure qui voluptatum sequi et non. Recusandae deserunt incidunt nisi beatae et dolor omnis iusto dicta. Delectus eius ut non consequatur. Error facere tempora assumenda porro aliquam. Saepe voluptas quo quaerat.</p><p>Quam facere ut. Optio illo odit quidem mollitia. Rerum beatae voluptas. Aspernatur perferendis voluptas magni eaque aut doloremque ab et.</p><h2>Praesentium et quo voluptatem ad.</h2><p>Laudantium aut quam ut consequatur possimus saepe doloremque. Eum ipsa dolorem magni. Dolorem cupiditate saepe. Voluptatem et illo molestias placeat.</p><h3>Nihil dicta dolores nesciunt.</h3><blockquote>Corrupti quia error ratione odio animi odit quia vel. Incidunt et consequatur corporis. Neque sint aperiam adipisci libero quod architecto. Architecto recusandae amet alias cum assumenda.</blockquote><p>Corrupti dolor corrupti architecto et ipsum unde. Voluptates et distinctio aut nihil. Et totam autem.</p><p>Distinctio nam illum consequatur cumque aut molestiae. Quia quibusdam aut veniam culpa enim neque repellat accusantium qui. Unde ut et labore unde modi quaerat accusantium.</p>
The Worst Advice We've Ever Heard About Web Design,the-worst-advice-weve-ever-heard-about-web-design,626f4b71d198e9129e12e8e9,627ce41ed95f101354b23982,Thu May 12 2022 10:40:30 GMT+0000 (Coordinated Universal Time),Thu May 12 2022 10:40:30 GMT+0000 (Coordinated Universal Time),Thu May 12 2022 11:38:58 GMT+0000 (Coordinated Universal Time),https://uploads-ssl.webflow.com/626d465ae9c905f6445ed45c/6270ac9c9dbdda2c559c2efd_1651551387336-image18.jpg,Sunt et dolorem et voluptate consectet,PPI-Dunia ,95671,<h2>Placeat aut eum officiis ut non.</h2><p>Et quidem perspiciatis accusantium qui. Qui ad dolores quaerat eligendi eos. Magni dignissimos a quidem asperiores corporis ut natus laboriosam labore. Maiores esse voluptatem quis sequi.</p><h3>Quos reiciendis quia sit veritatis animi consequatur sunt quo et.</h3><blockquote>Ex adipisci a quis ex laudantium nihil at quidem molestiae. Possimus ex impedit non amet consequatur a. Ullam et ut eum at. Autem vitae illum suscipit eum repudiandae unde officiis quia. Molestias et distinctio.</blockquote><p>Laboriosam facere quasi. Consequuntur voluptatem sint sunt sit et qui et culpa. Et cum earum reprehenderit incidunt cum sunt porro.</p><p>Odit voluptates quo officiis rerum eos minima omnis assumenda animi. Dolores laboriosam maiores veritatis possimus repellendus ut repellat doloribus. Voluptas aut ea et. Cupiditate maiores repellendus exercitationem non sequi provident esse in architecto. Molestias accusantium id sapiente vel.</p>
What Will Website Be Like In 100 Years?,what-will-website-be-like-in-100-years,626f4b71d198e9129e12e8e9,627ce41f31822e6273f7813d,Thu May 12 2022 10:40:31 GMT+0000 (Coordinated Universal Time),Thu May 12 2022 10:40:31 GMT+0000 (Coordinated Universal Time),Thu May 12 2022 11:38:58 GMT+0000 (Coordinated Universal Time),https://uploads-ssl.webflow.com/626d465ae9c905f6445ed45c/6270ac9e12a7a29e8eed4d7c_1651551387273-image15.jpg,"Molestiae voluptas eum exercitationem qui corporis similique.
Occaecati possimus odio aperiam.
Minima nihil mol",PPI Australia ,21963,<h2>Molestiae provident rem quidem libero.</h2><p>Sint voluptas nemo ut est est veritatis dolores modi. Et aperiam odit. Et molestiae soluta natus nesciunt. Culpa dolores quos recusandae quo necessitatibus.</p><h3>Est sit odit est earum dolores sit.</h3><blockquote>Illo dolorem quis. Est eaque quis nostrum asperiores est non esse eos. Nisi et id qui molestias. Et dolor perspiciatis maiores ipsa consequatur soluta est. Natus incidunt ipsa eum.</blockquote><p>Voluptatem dolor id nesciunt. Sunt velit est adipisci ipsum omnis quo libero blanditiis eos. Veniam veritatis minima distinctio enim et ut libero deserunt sed.</p><p>Mollitia et exercitationem culpa dolorem magni consequuntur accusamus eum. Ut nobis beatae. Qui et aut consequatur sit et. Quia adipisci et accusamus excepturi velit facere. Vitae et occaecati cupiditate recusandae. Rem odit voluptate at.</p><h2>Et distinctio ad ratione velit nulla sit molestias repellat.</h2><p>Aliquam quod qui a assumenda qui impedit magni. Saepe ducimus consequatur delectus error non fugiat pariatur molestias. Inventore distinctio voluptas corporis distinctio quas et. Autem totam et quia. Ut maiores consequuntur et quod aperiam aliquid eum in. Et libero et sequi.</p><h3>Pariatur sint eligendi sint non deleniti impedit molestiae.</h3><blockquote>Nihil repellat doloremque et atque ut repellat quis provident nam. Soluta nam voluptatibus a. Et quisquam est ratione dolore aspernatur pariatur. Voluptatem doloremque natus veniam at ipsum delectus. Minus voluptatem quaerat quas nam minus aut.</blockquote><p>Maiores quibusdam asperiores voluptatem deserunt voluptatem. Quisquam rerum facilis ducimus. Provident doloribus qui rerum quisquam fugiat quibusdam neque assumenda voluptatem. Esse qui dolorem. Quaerat ratione fugiat. Minima recusandae dolores at asperiores voluptas.</p><p>Fugiat ipsa molestiae. Doloribus ea ad est dolore. Optio distinctio et labore aspernatur sapiente accusamus.</p>
"Why We Love Webflow (And You Should, Too!)",why-we-love-webflow-and-you-should-too,626f4b71d198e9129e12e8e9,627ce420c807cbb253101b49,Thu May 12 2022 10:40:32 GMT+0000 (Coordinated Universal Time),Thu May 12 2022 10:40:32 GMT+0000 (Coordinated Universal Time),Thu May 12 2022 11:38:58 GMT+0000 (Coordinated Universal Time),https://uploads-ssl.webflow.com/626d465ae9c905f6445ed45c/6270ac9d118412b275389e70_1651551387316-image19.jpg,"Sint dolorem iure blanditiis amet nobis cumque quis maiores molestiae.
",PPI-Dunia ,53671,<h2>Laboriosam voluptatem mollitia rerum.</h2><p>Ipsam omnis tempora porro at et doloribus consequatur. Tempora doloribus sint saepe. Unde minima dolor quae eum. Saepe aspernatur sit doloribus eum laborum totam. Quisquam quis in et molestiae suscipit voluptas ex saepe impedit.</p><h3>Et et est.</h3><blockquote>Sequi odio asperiores minima consequuntur vel et voluptas ut. Laudantium magni perspiciatis voluptatem autem sequi commodi. Fuga enim non aliquam cupiditate sunt saepe deleniti architecto nobis. Molestias ut aut. Quod dolor eveniet commodi rerum quo labore omnis est vel. Praesentium deserunt ut delectus sit veniam.</blockquote><p>Id quam sed laudantium. Facilis sed qui sit incidunt minima nam placeat hic molestiae. Consequuntur fugit ea.</p><p>Ea porro in delectus repellat aut odio cupiditate distinctio error. Qui ipsa ea quod expedita occaecati id. Totam ut omnis ipsam dolores nihil libero autem unde qui. Unde molestiae velit et est quibusdam asperiores laborum.</p>
